title,id,function,distName1
1033 9,2BE88DE3-CA86-7FED-E063-AAEFA00A0EDD,Public Park Or Garden,
1083 6,2BE88E87-A906-7FED-E063-AAEFA00A0EDD,Public Park Or Garden,Reddish Vale Country Park
1084 3,2BE88E76-30C9-7FED-E063-AAEFA00A0EDD,Playing Field,Brinnington Park
1084 3,2BE88DDE-F1D3-7FED-E063-AAEFA00A0EDD,Other Sports Facility,Brinnington Park Leisure Complex
1084 6,2BE88E87-A906-7FED-E063-AAEFA00A0EDD,Public Park Or Garden,Reddish Vale Country Park
1084 9,2BE88E87-A906-7FED-E063-AAEFA00A0EDD,Public Park Or Garden,Reddish Vale Country Park
108 1,2BE88DF5-BED3-7FED-E063-AAEFA00A0EDD,Public Park Or Garden,Broadoak Park
108 3,2BE88DF5-BF85-7FED-E063-AAEFA00A0EDD,Golf Course,Miniature Golf Course
108 4,2BE88DF5-BED3-7FED-E063-AAEFA00A0EDD,Public Park Or Garden,Broadoak Park
108 7,2BE88DF5-BF85-7FED-E063-AAEFA00A0EDD,Golf Course,Miniature Golf Course
108 10,2BE88DF5-BF85-7FED-E063-AAEFA00A0EDD,Golf Course,Miniature Golf Course
112 2,2BE88E74-76B0-7FED-E063-AAEFA00A0EDD,Playing Field,
112 3,2BE88E74-76B0-7FED-E063-AAEFA00A0EDD,Playing Field,
112 5,2BE88E74-76B0-7FED-E063-AAEFA00A0EDD,Playing Field,
136 6,2BE88DF5-B64A-7FED-E063-AAEFA00A0EDD,Playing Field,
136 7,2BE88E2D-349A-7FED-E063-AAEFA00A0EDD,Cemetery,Swinton Cemetery
202 1,2BE88DF5-C359-7FED-E063-AAEFA00A0EDD,Allotments Or Community Growing Spaces,
203 2,2BE88EEC-F9F7-7FED-E063-AAEFA00A0EDD,Golf Course,
237 5,2BE88DF5-CF96-7FED-E063-AAEFA00A0EDD,Playing Field,Duncan Mathieson Playing Fields
248 6,2BE88F57-E656-7FED-E063-AAEFA00A0EDD,Playing Field,
248 8,2BE88E74-A3AB-7FED-E063-AAEFA00A0EDD,Playing Field,
298 1,2BE88DF5-D1E1-7FED-E063-AAEFA00A0EDD,Other Sports Facility,
298 3,2BE88DF5-D1E1-7FED-E063-AAEFA00A0EDD,Other Sports Facility,
298 4,2BE88DF5-D1E1-7FED-E063-AAEFA00A0EDD,Other Sports Facility,
298 6,2BE88DF5-D1E1-7FED-E063-AAEFA00A0EDD,Other Sports Facility,
299 2,2BE88DF5-CFF5-7FED-E063-AAEFA00A0EDD,Public Park Or Garden,Oakwood Park
299 2,2BE88F5F-281F-7FED-E063-AAEFA00A0EDD,Play Space,
299 3,2BE88DF5-CFF5-7FED-E063-AAEFA00A0EDD,Public Park Or Garden,Oakwood Park
299 4,2BE88DF5-CFF5-7FED-E063-AAEFA00A0EDD,Public Park Or Garden,Oakwood Park
299 5,2BE88DF5-CFF5-7FED-E063-AAEFA00A0EDD,Public Park Or Garden,Oakwood Park
299 7,2BE88F5A-F545-7FED-E063-AAEFA00A0EDD,Play Space,
299 8,2BE88DF5-CFF5-7FED-E063-AAEFA00A0EDD,Public Park Or Garden,Oakwood Park
300 1,2BE88F53-CC70-7FED-E063-AAEFA00A0EDD,Play Space,
300 1,2BE88E2D-34BB-7FED-E063-AAEFA00A0EDD,Public Park Or Garden,Lightoaks Park
300 3,2BE88E2D-34BB-7FED-E063-AAEFA00A0EDD,Public Park Or Garden,Lightoaks Park
300 4,2BE88DF5-D15D-7FED-E063-AAEFA00A0EDD,Other Sports Facility,
300 4,2BE88E2D-34BB-7FED-E063-AAEFA00A0EDD,Public Park Or Garden,Lightoaks Park
300 5,2BE88DF5-D0B4-7FED-E063-AAEFA00A0EDD,Playing Field,
300 5,2BE88E2D-34BB-7FED-E063-AAEFA00A0EDD,Public Park Or Garden,Lightoaks Park
300 6,2BE88E2D-34BB-7FED-E063-AAEFA00A0EDD,Public Park Or Garden,Lightoaks Park
300 7,2BE88E2D-34BB-7FED-E063-AAEFA00A0EDD,Public Park Or Garden,Lightoaks Park
311 1,2BE88E87-A60E-7FED-E063-AAEFA00A0EDD,Public Park Or Garden,Victoria Park
311 5,2BE88E87-A60E-7FED-E063-AAEFA00A0EDD,Public Park Or Garden,Victoria Park
311 6,2BE88E87-A60E-7FED-E063-AAEFA00A0EDD,Public Park Or Garden,Victoria Park
311 7,2BE88E87-A60E-7FED-E063-AAEFA00A0EDD,Public Park Or Garden,Victoria Park
311 8,2BE88E87-A60E-7FED-E063-AAEFA00A0EDD,Public Park Or Garden,Victoria Park
311 8,2BE88E74-A28B-7FED-E063-AAEFA00A0EDD,Play Space,
311 9,2BE88E87-A60E-7FED-E063-AAEFA00A0EDD,Public Park Or Garden,Victoria Park
311 9,2BE88E74-A2C0-7FED-E063-AAEFA00A0EDD,Bowling Green,
336 1,2BE88E74-88B3-7FED-E063-AAEFA00A0EDD,Cemetery,
336 9,2BE88E74-88B3-7FED-E063-AAEFA00A0EDD,Cemetery,
336 10,2BE88E74-88B3-7FED-E063-AAEFA00A0EDD,Cemetery,
369 1,2BE88E74-88B3-7FED-E063-AAEFA00A0EDD,Cemetery,
369 7,2BE88E74-88B3-7FED-E063-AAEFA00A0EDD,Cemetery,
369 10,2BE88E74-88B3-7FED-E063-AAEFA00A0EDD,Cemetery,
377 1,2BE88E87-A620-7FED-E063-AAEFA00A0EDD,Playing Field,Turn Moss Playing Fields
377 2,2BE88E87-A620-7FED-E063-AAEFA00A0EDD,Playing Field,Turn Moss Playing Fields
377 4,2BE88E87-A620-7FED-E063-AAEFA00A0EDD,Playing Field,Turn Moss Playing Fields
377 5,2BE88E87-A620-7FED-E063-AAEFA00A0EDD,Playing Field,Turn Moss Playing Fields
377 6,2BE88E87-A620-7FED-E063-AAEFA00A0EDD,Playing Field,Turn Moss Playing Fields
377 7,2BE88E87-A620-7FED-E063-AAEFA00A0EDD,Playing Field,Turn Moss Playing Fields
389 2,2BE88E2D-348C-7FED-E063-AAEFA00A0EDD,Public Park Or Garden,Prestwich Forest Park
389 5,2BE88E2D-348C-7FED-E063-AAEFA00A0EDD,Public Park Or Garden,Prestwich Forest Park
389 9,2BE88E2D-348C-7FED-E063-AAEFA00A0EDD,Public Park Or Garden,Prestwich Forest Park
389 10,2BE88E2D-348C-7FED-E063-AAEFA00A0EDD,Public Park Or Garden,Prestwich Forest Park
389 12,2BE88DF5-B373-7FED-E063-AAEFA00A0EDD,Religious Grounds,St Mary's Church
393 1,2BE88DF5-CB6D-7FED-E063-AAEFA00A0EDD,Cemetery,Northern Cemetery
393 2,2BE88DF5-CB6D-7FED-E063-AAEFA00A0EDD,Cemetery,Northern Cemetery
393 3,2BE88DF5-CB6D-7FED-E063-AAEFA00A0EDD,Cemetery,Northern Cemetery
393 5,2BE88DF5-CB6D-7FED-E063-AAEFA00A0EDD,Cemetery,Northern Cemetery
393 7,2BE88DF5-CB6D-7FED-E063-AAEFA00A0EDD,Cemetery,Northern Cemetery
393 8,2BE88DF5-CB6D-7FED-E063-AAEFA00A0EDD,Cemetery,Northern Cemetery
393 11,2BE88DF5-CB6D-7FED-E063-AAEFA00A0EDD,Cemetery,Northern Cemetery
421 1,2BE88DF5-B373-7FED-E063-AAEFA00A0EDD,Religious Grounds,St Mary's Church
421 2,2BE88DF5-DE89-7FED-E063-AAEFA00A0EDD,Public Park Or Garden,St Mary's Park
421 2,2BE88E2D-348C-7FED-E063-AAEFA00A0EDD,Public Park Or Garden,Prestwich Forest Park
421 3,2BE88DF5-DE89-7FED-E063-AAEFA00A0EDD,Public Park Or Garden,St Mary's Park
421 3,2BE88E2D-348C-7FED-E063-AAEFA00A0EDD,Public Park Or Garden,Prestwich Forest Park
421 4,2BE88E2D-348C-7FED-E063-AAEFA00A0EDD,Public Park Or Garden,Prestwich Forest Park
421 8,2BE88DF5-DE89-7FED-E063-AAEFA00A0EDD,Public Park Or Garden,St Mary's Park
421 8,2BE88E2D-348C-7FED-E063-AAEFA00A0EDD,Public Park Or Garden,Prestwich Forest Park
421 10,2BE88DF5-DE89-7FED-E063-AAEFA00A0EDD,Public Park Or Garden,St Mary's Park
421 10,2BE88E2D-348C-7FED-E063-AAEFA00A0EDD,Public Park Or Garden,Prestwich Forest Park
422 7,2BE88E2D-348C-7FED-E063-AAEFA00A0EDD,Public Park Or Garden,Prestwich Forest Park
474 4,2BE88E87-A756-7FED-E063-AAEFA00A0EDD,Public Park Or Garden,Chorlton Park
474 5,2BE88E87-A756-7FED-E063-AAEFA00A0EDD,Public Park Or Garden,Chorlton Park
485 1,2BE88E2D-34C8-7FED-E063-AAEFA00A0EDD,Public Park Or Garden,Heaton Park
485 3,2BE88E2D-34C8-7FED-E063-AAEFA00A0EDD,Public Park Or Garden,Heaton Park
485 4,2BE88E2D-34C8-7FED-E063-AAEFA00A0EDD,Public Park Or Garden,Heaton Park
485 5,2BE88E2D-34C8-7FED-E063-AAEFA00A0EDD,Public Park Or Garden,Heaton Park
485 9,2BE88E2D-34C8-7FED-E063-AAEFA00A0EDD,Public Park Or Garden,Heaton Park
492 7,2BE88E2D-351F-7FED-E063-AAEFA00A0EDD,Public Park Or Garden,Albert Park
492 7,2BE88DF6-054C-7FED-E063-AAEFA00A0EDD,Tennis Court,
492 7,2BE88DDA-152C-7FED-E063-AAEFA00A0EDD,Other Sports Facility,
492 11,2BE88E2D-351F-7FED-E063-AAEFA00A0EDD,Public Park Or Garden,Albert Park
492 11,2BE88DF6-054F-7FED-E063-AAEFA00A0EDD,Bowling Green,
506 1,2BE88E87-A756-7FED-E063-AAEFA00A0EDD,Public Park Or Garden,Chorlton Park
506 2,2BE88E87-A756-7FED-E063-AAEFA00A0EDD,Public Park Or Garden,Chorlton Park
506 4,2BE88E87-A756-7FED-E063-AAEFA00A0EDD,Public Park Or Garden,Chorlton Park
506 5,2BE88E87-A756-7FED-E063-AAEFA00A0EDD,Public Park Or Garden,Chorlton Park
506 8,2BE88E87-A756-7FED-E063-AAEFA00A0EDD,Public Park Or Garden,Chorlton Park
506 10,2BE88E87-A756-7FED-E063-AAEFA00A0EDD,Public Park Or Garden,Chorlton Park
506 12,2BE88E87-A756-7FED-E063-AAEFA00A0EDD,Public Park Or Garden,Chorlton Park
542 1,2BE88E75-4FDE-7FED-E063-AAEFA00A0EDD,Other Sports Facility,Mersey Bank Playing Fields
542 2,2BE88E75-4D2C-7FED-E063-AAEFA00A0EDD,Playing Field,Parkway Playing Fields
542 3,2BE88E75-4D2C-7FED-E063-AAEFA00A0EDD,Playing Field,Parkway Playing Fields
542 4,2BE88E75-4D2C-7FED-E063-AAEFA00A0EDD,Playing Field,Parkway Playing Fields
542 5,2BE88E75-4FDE-7FED-E063-AAEFA00A0EDD,Other Sports Facility,Mersey Bank Playing Fields
542 9,2BE88E75-4FDE-7FED-E063-AAEFA00A0EDD,Other Sports Facility,Mersey Bank Playing Fields
542 11,2BE88E75-4FDE-7FED-E063-AAEFA00A0EDD,Other Sports Facility,Mersey Bank Playing Fields
547 1,2BE88E2D-34C8-7FED-E063-AAEFA00A0EDD,Public Park Or Garden,Heaton Park
547 1,2BE88E2D-34CA-7FED-E063-AAEFA00A0EDD,Golf Course,
547 2,2BE88E2D-34C8-7FED-E063-AAEFA00A0EDD,Public Park Or Garden,Heaton Park
547 5,2BE88E2D-34C8-7FED-E063-AAEFA00A0EDD,Public Park Or Garden,Heaton Park
547 7,2BE88E2D-34C8-7FED-E063-AAEFA00A0EDD,Public Park Or Garden,Heaton Park
547 8,2BE88E2D-34C8-7FED-E063-AAEFA00A0EDD,Public Park Or Garden,Heaton Park
547 8,2BE88E2D-34CA-7FED-E063-AAEFA00A0EDD,Golf Course,
547 10,2BE88E2D-34C8-7FED-E063-AAEFA00A0EDD,Public Park Or Garden,Heaton Park
547 10,2BE88E2D-34CA-7FED-E063-AAEFA00A0EDD,Golf Course,
547 11,2BE88E2D-34C8-7FED-E063-AAEFA00A0EDD,Public Park Or Garden,Heaton Park
559 6,2BE88DCE-8590-7FED-E063-AAEFA00A0EDD,Public Park Or Garden,
566 1,2BE88E87-A6CE-7FED-E063-AAEFA00A0EDD,Public Park Or Garden,Alexandra Park
566 3,2BE88E87-A6CE-7FED-E063-AAEFA00A0EDD,Public Park Or Garden,Alexandra Park
566 4,2BE88E87-A6CE-7FED-E063-AAEFA00A0EDD,Public Park Or Garden,Alexandra Park
566 6,2BE88E87-A6CE-7FED-E063-AAEFA00A0EDD,Public Park Or Garden,Alexandra Park
566 7,2BE88E87-A6CE-7FED-E063-AAEFA00A0EDD,Public Park Or Garden,Alexandra Park
566 8,2BE88E87-A6CE-7FED-E063-AAEFA00A0EDD,Public Park Or Garden,Alexandra Park
569 2,2BE88DE5-B5C1-7FED-E063-AAEFA00A0EDD,Other Sports Facility,Hough End Leisure Centre
569 9,2BE88DE5-B5C1-7FED-E063-AAEFA00A0EDD,Other Sports Facility,Hough End Leisure Centre
569 11,2BE88DE5-B5C1-7FED-E063-AAEFA00A0EDD,Other Sports Facility,Hough End Leisure Centre
580 1,2BE88E2D-34C8-7FED-E063-AAEFA00A0EDD,Public Park Or Garden,Heaton Park
580 1,2BE88E2D-34CA-7FED-E063-AAEFA00A0EDD,Golf Course,
580 1,2BE88DDA-31FF-7FED-E063-AAEFA00A0EDD,Other Sports Facility,
580 2,2BE88E2D-34C8-7FED-E063-AAEFA00A0EDD,Public Park Or Garden,Heaton Park
580 2,2BE88E2D-34CA-7FED-E063-AAEFA00A0EDD,Golf Course,
580 2,2BE88DDA-31FF-7FED-E063-AAEFA00A0EDD,Other Sports Facility,
580 3,2BE88E2D-34C8-7FED-E063-AAEFA00A0EDD,Public Park Or Garden,Heaton Park
580 4,2BE88E2D-34C8-7FED-E063-AAEFA00A0EDD,Public Park Or Garden,Heaton Park
580 4,2BE88E2D-34CA-7FED-E063-AAEFA00A0EDD,Golf Course,
580 5,2BE88E2D-34C8-7FED-E063-AAEFA00A0EDD,Public Park Or Garden,Heaton Park
580 5,2BE88E2D-34CA-7FED-E063-AAEFA00A0EDD,Golf Course,
580 5,2BE88DDA-31FF-7FED-E063-AAEFA00A0EDD,Other Sports Facility,
580 6,2BE88E2D-34C8-7FED-E063-AAEFA00A0EDD,Public Park Or Garden,Heaton Park
580 6,2BE88E2D-34CA-7FED-E063-AAEFA00A0EDD,Golf Course,
580 6,2BE88DDA-31FF-7FED-E063-AAEFA00A0EDD,Other Sports Facility,
580 7,2BE88E2D-34C8-7FED-E063-AAEFA00A0EDD,Public Park Or Garden,Heaton Park
580 7,2BE88E2D-34CA-7FED-E063-AAEFA00A0EDD,Golf Course,
584 11,2BE88DF5-FF45-7FED-E063-AAEFA00A0EDD,Religious Grounds,St Mary's Ukrainian Roman Catholic Church
612 3,2BE88E2D-34C8-7FED-E063-AAEFA00A0EDD,Public Park Or Garden,Heaton Park
618 7,2BE88DF6-08FC-7FED-E063-AAEFA00A0EDD,Public Park Or Garden,Goldstone Gardens
661 1,2BE88E87-A6D9-7FED-E063-AAEFA00A0EDD,Public Park Or Garden,Whitworth Park
661 2,2BE88E87-A6D9-7FED-E063-AAEFA00A0EDD,Public Park Or Garden,Whitworth Park
661 3,2BE88E87-A6D9-7FED-E063-AAEFA00A0EDD,Public Park Or Garden,Whitworth Park
661 4,2BE88E87-A6D9-7FED-E063-AAEFA00A0EDD,Public Park Or Garden,Whitworth Park
661 5,2BE88E87-A6D9-7FED-E063-AAEFA00A0EDD,Public Park Or Garden,Whitworth Park
661 6,2BE88E87-A6D9-7FED-E063-AAEFA00A0EDD,Public Park Or Garden,Whitworth Park
661 8,2BE88E87-A6D9-7FED-E063-AAEFA00A0EDD,Public Park Or Garden,Whitworth Park
663 3,2BE88E74-F310-7FED-E063-AAEFA00A0EDD,Public Park Or Garden,Platt Fields Park
663 5,2BE88E74-EFA4-7FED-E063-AAEFA00A0EDD,Other Sports Facility,
663 5,2BE88E74-EFAD-7FED-E063-AAEFA00A0EDD,Playing Field,
663 6,2BE88E74-F310-7FED-E063-AAEFA00A0EDD,Public Park Or Garden,Platt Fields Park
663 6,2BE88E74-EFAD-7FED-E063-AAEFA00A0EDD,Playing Field,
663 7,2BE88E74-F310-7FED-E063-AAEFA00A0EDD,Public Park Or Garden,Platt Fields Park
667 6,2BE88E75-562A-7FED-E063-AAEFA00A0EDD,Religious Grounds,St Paul's Church
680 3,2BE88E2D-3537-7FED-E063-AAEFA00A0EDD,Playing Field,
690 3,2BE88E87-A6AB-7FED-E063-AAEFA00A0EDD,Public Park Or Garden,Ardwick Green Park
690 8,2BE88E87-A6AB-7FED-E063-AAEFA00A0EDD,Public Park Or Garden,Ardwick Green Park
690 10,2BE88E87-A6AB-7FED-E063-AAEFA00A0EDD,Public Park Or Garden,Ardwick Green Park
731 1,2BE88E75-5CCC-7FED-E063-AAEFA00A0EDD,Public Park Or Garden,Ladybarn Park
731 2,2BE88E75-5CCC-7FED-E063-AAEFA00A0EDD,Public Park Or Garden,Ladybarn Park
731 3,2BE88E75-5CCC-7FED-E063-AAEFA00A0EDD,Public Park Or Garden,Ladybarn Park
731 4,2BE88E75-5CCC-7FED-E063-AAEFA00A0EDD,Public Park Or Garden,Ladybarn Park
731 8,2BE88E75-5CCC-7FED-E063-AAEFA00A0EDD,Public Park Or Garden,Ladybarn Park
731 8,2BE88E75-5CCB-7FED-E063-AAEFA00A0EDD,Other Sports Facility,
731 8,2BE88F5F-EC6D-7FED-E063-AAEFA00A0EDD,Play Space,
792 4,2BE88E74-F9F7-7FED-E063-AAEFA00A0EDD,Bowling Green,
799 1,2BE88E75-6CA4-7FED-E063-AAEFA00A0EDD,Religious Grounds,Heaton Mersey Methodist Church
799 9,2BE88E75-8292-7FED-E063-AAEFA00A0EDD,Public Park Or Garden,Heaton Mersey Park
823 1,2BE88E87-A6ED-7FED-E063-AAEFA00A0EDD,Public Park Or Garden,Crowcroft Park
830 1,2BE88E75-6C07-7FED-E063-AAEFA00A0EDD,Playing Field,Thornfield Park
830 4,2BE88E75-6C07-7FED-E063-AAEFA00A0EDD,Playing Field,Thornfield Park
875 4,2BE88DF6-A1F6-7FED-E063-AAEFA00A0EDD,Playing Field,
876 3,2BE88DF6-A193-7FED-E063-AAEFA00A0EDD,Playing Field,
876 3,2BE88DD4-682F-7FED-E063-AAEFA00A0EDD,Other Sports Facility,
908 1,2BE88E2D-3690-7FED-E063-AAEFA00A0EDD,Public Park Or Garden,Brookdale Park
908 2,2BE88E2D-3690-7FED-E063-AAEFA00A0EDD,Public Park Or Garden,Brookdale Park
908 3,2BE88E2D-3690-7FED-E063-AAEFA00A0EDD,Public Park Or Garden,Brookdale Park
908 4,2BE88E2D-3690-7FED-E063-AAEFA00A0EDD,Public Park Or Garden,Brookdale Park
908 5,2BE88E2D-3690-7FED-E063-AAEFA00A0EDD,Public Park Or Garden,Brookdale Park
908 6,2BE88E2D-3690-7FED-E063-AAEFA00A0EDD,Public Park Or Garden,Brookdale Park
908 9,2BE88E2D-3690-7FED-E063-AAEFA00A0EDD,Public Park Or Garden,Brookdale Park
917 1,2BE88E87-A807-7FED-E063-AAEFA00A0EDD,Public Park Or Garden,Sunny Brow Park
917 7,2BE88E75-BDD8-7FED-E063-AAEFA00A0EDD,Religious Grounds,Brookfield Church
917 8,2BE88E87-A807-7FED-E063-AAEFA00A0EDD,Public Park Or Garden,Sunny Brow Park
917 9,2BE88E87-A807-7FED-E063-AAEFA00A0EDD,Public Park Or Garden,Sunny Brow Park
922 7,2BE88E76-1D45-7FED-E063-AAEFA00A0EDD,Golf Course,Houldsworth Golf Course
922 8,2BE88E76-1D7E-7FED-E063-AAEFA00A0EDD,Playing Field,
948 2,2BE88E87-A80A-7FED-E063-AAEFA00A0EDD,Bowling Green,
971 2,2BE88DF6-A74B-7FED-E063-AAEFA00A0EDD,Cemetery,Failsworth Cemetery
971 4,2BE88DF6-A74B-7FED-E063-AAEFA00A0EDD,Cemetery,Failsworth Cemetery
971 9,2BE88DF6-A74B-7FED-E063-AAEFA00A0EDD,Cemetery,Failsworth Cemetery
982 2,2BE88E87-A816-7FED-E063-AAEFA00A0EDD,Playing Field,
982 4,2BE88E87-A816-7FED-E063-AAEFA00A0EDD,Playing Field,
987 5,2BE88E76-23FD-7FED-E063-AAEFA00A0EDD,Play Space,
989 1,2BE88E87-A906-7FED-E063-AAEFA00A0EDD,Public Park Or Garden,Reddish Vale Country Park
989 2,2BE88E87-A906-7FED-E063-AAEFA00A0EDD,Public Park Or Garden,Reddish Vale Country Park
989 3,2BE88E87-A906-7FED-E063-AAEFA00A0EDD,Public Park Or Garden,Reddish Vale Country Park
989 5,2BE88E87-A906-7FED-E063-AAEFA00A0EDD,Public Park Or Garden,Reddish Vale Country Park
989 6,2BE88E87-A906-7FED-E063-AAEFA00A0EDD,Public Park Or Garden,Reddish Vale Country Park
989 8,2BE88E87-A906-7FED-E063-AAEFA00A0EDD,Public Park Or Garden,Reddish Vale Country Park
989 11,2BE88E87-A906-7FED-E063-AAEFA00A0EDD,Public Park Or Garden,Reddish Vale Country Park
990 6,2BE88E87-A906-7FED-E063-AAEFA00A0EDD,Public Park Or Garden,Reddish Vale Country Park
990 8,2BE88E87-A906-7FED-E063-AAEFA00A0EDD,Public Park Or Garden,Reddish Vale Country Park
1007 2,2BE88E75-9A31-7FED-E063-AAEFA00A0EDD,Cemetery,
1007 10,2BE88E75-9A31-7FED-E063-AAEFA00A0EDD,Cemetery,
1020 1,2BE88E87-A906-7FED-E063-AAEFA00A0EDD,Public Park Or Garden,Reddish Vale Country Park
1020 3,2BE88E87-A906-7FED-E063-AAEFA00A0EDD,Public Park Or Garden,Reddish Vale Country Park
1020 4,2BE88E87-A906-7FED-E063-AAEFA00A0EDD,Public Park Or Garden,Reddish Vale Country Park
1020 5,2BE88E87-A906-7FED-E063-AAEFA00A0EDD,Public Park Or Garden,Reddish Vale Country Park
1020 6,2BE88E87-A906-7FED-E063-AAEFA00A0EDD,Public Park Or Garden,Reddish Vale Country Park
1020 8,2BE88E76-2DCD-7FED-E063-AAEFA00A0EDD,Cemetery,Willow Grove Cemetery
1020 11,2BE88E76-2DCD-7FED-E063-AAEFA00A0EDD,Cemetery,Willow Grove Cemetery
